Date,Visitor,G,Home,G,,Att.,LOG,Notes
2021-01-13,St. Louis Blues,4,Colorado Avalanche,1,,,2:24,
2021-01-13,Vancouver Canucks,5,Edmonton Oilers,3,,,2:24,
2021-01-13,Pittsburgh Penguins,3,Philadelphia Flyers,6,,,2:21,
2021-01-13,Chicago Blackhawks,1,Tampa Bay Lightning,5,,,2:26,
2021-01-13,Montreal Canadiens,4,Toronto Maple Leafs,5,OT,,2:38,
2021-01-14,San Jose Sharks,4,Arizona Coyotes,3,SO,2274,2:37,
2021-01-14,Washington Capitals,6,Buffalo Sabres,4,,,2:23,
2021-01-14,Carolina Hurricanes,3,Detroit Red Wings,0,,,2:25,at Little Caesars Arena (Detroit MI)
2021-01-14,Vancouver Canucks,2,Edmonton Oilers,5,,,2:30,
2021-01-14,Minnesota Wild,4,Los Angeles Kings,3,OT,,2:37,
2021-01-14,Boston Bruins,3,New Jersey Devils,2,SO,,2:43,
2021-01-14,Columbus Blue Jackets,1,Nashville Predators,3,,,2:29,
2021-01-14,New York Islanders,4,New York Rangers,0,,,2:30,
2021-01-14,Anaheim Ducks,2,Vegas Golden Knights,5,,,2:24,
2021-01-14,Calgary Flames,3,Winnipeg Jets,4,OT,,2:26,
2021-01-15,Washington Capitals,2,Buffalo Sabres,1,,,2:17,
2021-01-15,St. Louis Blues,0,Colorado Avalanche,8,,,2:31,
2021-01-15,Toronto Maple Leafs,3,Ottawa Senators,5,,,2:28,
2021-01-15,Pittsburgh Penguins,2,Philadelphia Flyers,5,,,2:23,
2021-01-15,Chicago Blackhawks,2,Tampa Bay Lightning,5,,,2:23,
2021-01-16,San Jose Sharks,3,Arizona Coyotes,5,,2384,2:22,
2021-01-16,Vancouver Canucks,0,Calgary Flames,3,,,2:24,
2021-01-16,Carolina Hurricanes,2,Detroit Red Wings,4,,,2:28,at Little Caesars Arena (Detroit MI)
2021-01-16,Montreal Canadiens,5,Edmonton Oilers,1,,,2:20,
2021-01-16,Minnesota Wild,4,Los Angeles Kings,3,OT,,2:42,
2021-01-16,Boston Bruins,1,New Jersey Devils,2,OT,,2:34,
2021-01-16,Columbus Blue Jackets,2,Nashville Predators,5,,,2:28,
2021-01-16,New York Islanders,0,New York Rangers,5,,,2:41,
2021-01-16,Toronto Maple Leafs,3,Ottawa Senators,2,,,2:23,
2021-01-16,Anaheim Ducks,1,Vegas Golden Knights,2,OT,,2:18,
2021-01-17,Chicago Blackhawks,2,Florida Panthers,5,,4147,2:27,
2021-01-17,Washington Capitals,3,Pittsburgh Penguins,4,SO,,2:40,
2021-01-18,Minnesota Wild,0,Anaheim Ducks,1,,,2:28,
2021-01-18,Vancouver Canucks,2,Calgary Flames,5,,,2:21,
2021-01-18,Columbus Blue Jackets,3,Detroit Red Wings,2,,,2:37,at Little Caesars Arena (Detroit MI)
2021-01-18,Montreal Canadiens,3,Edmonton Oilers,1,,,2:26,
2021-01-18,Carolina Hurricanes,4,Nashville Predators,2,,,2:22,
2021-01-18,Boston Bruins,0,New York Islanders,1,,,2:26,at Nassau Veterans Memorial Coliseum (Uniondale NY)
2021-01-18,Buffalo Sabres,6,Philadelphia Flyers,1,,,2:26,
2021-01-18,San Jose Sharks,4,St. Louis Blues,5,,,2:32,
2021-01-18,Winnipeg Jets,1,Toronto Maple Leafs,3,,,2:20,
2021-01-18,Arizona Coyotes,2,Vegas Golden Knights,4,,,2:33,
2021-01-19,Columbus Blue Jackets,2,Detroit Red Wings,3,OT,,2:21,at Little Caesars Arena (Detroit MI)
2021-01-19,Chicago Blackhawks,4,Florida Panthers,5,OT,3667,2:34,
2021-01-19,Colorado Avalanche,3,Los Angeles Kings,2,,,2:27,
2021-01-19,New Jersey Devils,4,New York Rangers,3,,,2:30,
2021-01-19,Winnipeg Jets,4,Ottawa Senators,3,OT,,2:29,
2021-01-19,Buffalo Sabres,0,Philadelphia Flyers,3,,,2:29,
2021-01-19,Washington Capitals,4,Pittsburgh Penguins,5,OT,,2:34,
2021-01-20,Minnesota Wild,3,Anaheim Ducks,2,,,2:33,
2021-01-20,San Jose Sharks,2,St. Louis Blues,1,SO,,2:36,
2021-01-20,Edmonton Oilers,3,Toronto Maple Leafs,1,,,2:17,
2021-01-20,Montreal Canadiens,5,Vancouver Canucks,6,SO,,2:31,
2021-01-20,Arizona Coyotes,2,Vegas Golden Knights,5,,,2:24,
2021-01-21,Philadelphia Flyers,4,Boston Bruins,5,SO,,2:46,
2021-01-21,Tampa Bay Lightning,3,Columbus Blue Jackets,2,OT,,2:29,
2021-01-21,Colorado Avalanche,2,Los Angeles Kings,4,,,2:25,
2021-01-21,New Jersey Devils,1,New York Islanders,4,,,2:25,at Nassau Veterans Memorial Coliseum (Uniondale NY)
2021-01-21,Winnipeg Jets,4,Ottawa Senators,1,,,2:25,
2021-01-21,Montreal Canadiens,7,Vancouver Canucks,3,,,2:31,
2021-01-22,Colorado Avalanche,3,Anaheim Ducks,2,OT,,2:35,
2021-01-22,Vegas Golden Knights,2,Arizona Coyotes,5,,2712,2:21,
2021-01-22,Detroit Red Wings,1,Chicago Blackhawks,4,,,2:17,
2021-01-22,Nashville Predators,0,Dallas Stars,7,,4214,2:32,
2021-01-22,San Jose Sharks,1,Minnesota Wild,4,,,2:28,
2021-01-22,New York Rangers,3,Pittsburgh Penguins,4,SO,,2:27,
2021-01-22,Edmonton Oilers,2,Toronto Maple Leafs,4,,,2:21,
2021-01-22,Buffalo Sabres,3,Washington Capitals,4,SO,,2:39,
2021-01-23,Philadelphia Flyers,1,Boston Bruins,6,,,2:26,
2021-01-23,Tampa Bay Lightning,2,Columbus Blue Jackets,5,,,2:26,
2021-01-23,Los Angeles Kings,2,St. Louis Blues,4,,,2:27,
2021-01-23,Montreal Canadiens,5,Vancouver Canucks,2,,,2:29,
2021-01-23,Ottawa Senators,3,Winnipeg Jets,6,,,2:27,
2021-01-24,Colorado Avalanche,1,Anaheim Ducks,3,,,2:19,
2021-01-24,Vegas Golden Knights,1,Arizona Coyotes,0,,2672,2:17,
2021-01-24,Toronto Maple Leafs,3,Calgary Flames,2,,,2:22,
2021-01-24,Detroit Red Wings,2,Chicago Blackhawks,6,,,2:11,
2021-01-24,Nashville Predators,2,Dallas Stars,3,,4056,2:28,
2021-01-24,San Jose Sharks,5,Minnesota Wild,3,,,2:36,
2021-01-24,New York Islanders,0,New Jersey Devils,2,,,2:24,
2021-01-24,New York Rangers,2,Pittsburgh Penguins,3,,,2:25,
2021-01-24,Los Angeles Kings,6,St. Louis Blues,3,,,2:28,
2021-01-24,Edmonton Oilers,4,Winnipeg Jets,3,,,2:27,
2021-01-24,Buffalo Sabres,4,Washington Capitals,3,SO,,2:44,
2021-01-25,Ottawa Senators,1,Vancouver Canucks,7,,,2:30,
2021-01-26,Anaheim Ducks,1,Arizona Coyotes,0,,1808,2:25,
2021-01-26,Pittsburgh Penguins,2,Boston Bruins,3,OT,,2:40,
2021-01-26,New York Rangers,2,Buffalo Sabres,3,,,2:22,
2021-01-26,Florida Panthers,4,Columbus Blue Jackets,3,SO,,2:29,
2021-01-26,Toronto Maple Leafs,4,Calgary Flames,3,,,2:24,
2021-01-26,San Jose Sharks,3,Colorado Avalanche,7,,,2:32,
2021-01-26,Detroit Red Wings,1,Dallas Stars,2,OT,4109,2:26,
2021-01-26,Los Angeles Kings,2,Minnesota Wild,1,,,2:22,
2021-01-26,Philadelphia Flyers,5,New Jersey Devils,3,,,2:24,
2021-01-26,Chicago Blackhawks,2,Nashville Predators,3,OT,,2:28,
2021-01-26,St. Louis Blues,5,Vegas Golden Knights,4,SO,,2:41,
2021-01-26,Edmonton Oilers,4,Winnipeg Jets,6,,,2:21,
2021-01-26,New York Islanders,2,Washington Capitals,3,,,2:25,
2021-01-27,Chicago Blackhawks,1,Nashville Predators,2,SO,,2:24,
2021-01-27,Ottawa Senators,1,Vancouver Canucks,5,,,2:22,
2021-01-28,Anaheim Ducks,2,Arizona Coyotes,3,,2252,2:25,
2021-01-28,Pittsburgh Penguins,1,Boston Bruins,4,,,2:15,
2021-01-28,New York Rangers,3,Buffalo Sabres,2,OT,,2:28,
2021-01-28,Tampa Bay Lightning,0,Carolina Hurricanes,1,OT,,2:23,
2021-01-28,Florida Panthers,2,Columbus Blue Jackets,3,SO,,2:30,
2021-01-28,San Jose Sharks,0,Colorado Avalanche,3,,,2:25,
2021-01-28,Detroit Red Wings,3,Dallas Stars,7,,4214,2:27,
2021-01-28,Toronto Maple Leafs,4,Edmonton Oilers,3,,,2:22,
2021-01-28,Los Angeles Kings,3,Minnesota Wild,5,,,2:32,
2021-01-28,Calgary Flames,2,Montreal Canadiens,4,,,2:27,
2021-01-28,Philadelphia Flyers,3,New Jersey Devils,1,,,2:19,
2021-01-28,Ottawa Senators,1,Vancouver Canucks,4,,,2:20,
2021-01-28,New York Islanders,3,Washington Capitals,6,,,2:28,
2021-01-29,Columbus Blue Jackets,2,Chicago Blackhawks,1,,,2:16,
2021-01-30,St. Louis Blues,6,Anaheim Ducks,1,,,2:19,
2021-01-30,New Jersey Devils,3,Buffalo Sabres,4,SO,,2:39,
2021-01-30,Dallas Stars,1,Carolina Hurricanes,4,,,2:33,
2021-01-30,Florida Panthers,3,Detroit Red Wings,2,OT,,2:30,at Little Caesars Arena (Detroit MI)
2021-01-30,Toronto Maple Leafs,3,Edmonton Oilers,4,OT,,2:31,
2021-01-30,Colorado Avalanche,5,Minnesota Wild,1,,,2:31,
2021-01-30,Calgary Flames,2,Montreal Canadiens,0,,,2:31,
2021-01-30,Pittsburgh Penguins,5,New York Rangers,4,OT,,2:27,
2021-01-30,New York Islanders,2,Philadelphia Flyers,3,OT,,2:19,
2021-01-30,Nashville Predators,3,Tampa Bay Lightning,4,,,2:35,
2021-01-30,Vancouver Canucks,4,Winnipeg Jets,1,,,2:22,
2021-01-30,Boston Bruins,3,Washington Capitals,4,OT,,2:28,
2021-01-31,St. Louis Blues,4,Anaheim Ducks,1,,,2:23,
2021-01-31,New Jersey Devils,5,Buffalo Sabres,3,,,2:24,
2021-01-31,Dallas Stars,3,Carolina Hurricanes,4,SO,,2:42,
2021-01-31,Columbus Blue Jackets,1,Chicago Blackhawks,3,,,2:15,
2021-01-31,Florida Panthers,3,Detroit Red Wings,2,,,2:29,at Little Caesars Arena (Detroit MI)
2021-01-31,Ottawa Senators,5,Edmonton Oilers,8,,,2:33,
2021-01-31,Colorado Avalanche,3,Minnesota Wild,4,OT,,2:31,
2021-01-31,New York Islanders,3,Philadelphia Flyers,4,OT,,2:25,
2021-02-01,Vancouver Canucks,2,Montreal Canadiens,6,,,2:20,
2021-02-01,Pittsburgh Penguins,1,New York Rangers,3,,,2:20,
2021-02-01,Nashville Predators,2,Tampa Bay Lightning,5,,,2:25,
2021-02-01,Calgary Flames,4,Winnipeg Jets,3,SO,,2:18,
2021-02-01,Boston Bruins,5,Washington Capitals,3,,,2:27,
2021-02-02,Dallas Stars,6,Columbus Blue Jackets,3,,,2:21,
2021-02-02,Carolina Hurricanes,4,Chicago Blackhawks,3,SO,,2:34,
2021-02-02,Minnesota Wild,1,Colorado Avalanche,2,,,2:29,
2021-02-02,Ottawa Senators,2,Edmonton Oilers,4,,,2:26,
2021-02-02,Anaheim Ducks,3,Los Angeles Kings,1,,,2:19,
2021-02-02,Vancouver Canucks,3,Montreal Canadiens,5,,,2:28,
2021-02-02,Arizona Coyotes,3,St. Louis Blues,4,,,2:30,
2021-02-02,Calgary Flames,2,Winnipeg Jets,3,,,2:17,
2021-02-03,Boston Bruins,4,Philadelphia Flyers,3,OT,,2:27,
2021-02-03,Detroit Red Wings,1,Tampa Bay Lightning,5,,,2:18,
2021-02-04,Dallas Stars,3,Columbus Blue Jackets,4,,,2:24,
2021-02-04,Carolina Hurricanes,4,Chicago Blackhawks,6,,,2:32,
2021-02-04,Nashville Predators,6,Florida Panthers,5,OT,3698,2:39,
2021-02-04,Ottawa Senators,3,Montreal Canadiens,2,,,2:26,
2021-02-04,Washington Capitals,2,New York Rangers,4,,,2:27,
2021-02-04,Arizona Coyotes,4,St. Louis Blues,3,,,2:22,
2021-02-04,Vancouver Canucks,3,Toronto Maple Leafs,7,,,2:25,
2021-02-04,Calgary Flames,1,Winnipeg Jets,4,,,2:17,
2021-02-05,San Jose Sharks,5,Anaheim Ducks,4,SO,,2:41,
2021-02-05,Nashville Predators,1,Florida Panthers,2,,,2:33,
2021-02-05,Boston Bruins,2,Philadelphia Flyers,1,,,2:30,
2021-02-05,Detroit Red Wings,1,Tampa Bay Lightning,3,,,2:21,
2021-02-05,Los Angeles Kings,2,Vegas Golden Knights,5,,,2:31,
2021-02-06,San Jose Sharks,1,Anaheim Ducks,2,SO,,2:36,
2021-02-06,Edmonton Oilers,4,Calgary Flames,6,,,2:33,
2021-02-06,Pittsburgh Penguins,3,New York Islanders,4,,,2:15,at Nassau Veterans Memorial Coliseum (Uniondale NY)
2021-02-06,Montreal Canadiens,2,Ottawa Senators,1,,,2:28,
2021-02-06,Arizona Coyotes,3,St. Louis Blues,1,,,2:21,
2021-02-06,Vancouver Canucks,1,Toronto Maple Leafs,5,,,2:25,
2021-02-07,Carolina Hurricanes,6,Columbus Blue Jackets,5,,,2:33,
2021-02-07,Chicago Blackhawks,2,Dallas Stars,1,OT,4203,2:29,
2021-02-07,Detroit Red Wings,4,Florida Panthers,1,,3706,2:26,
2021-02-07,Los Angeles Kings,3,Vegas Golden Knights,4,,,2:21,
2021-02-07,Philadelphia Flyers,7,Washington Capitals,4,,,2:18,
2021-02-08,Carolina Hurricanes,2,Columbus Blue Jackets,3,,,2:29,
2021-02-08,Tampa Bay Lightning,4,Nashville Predators,1,,,2:28,
2021-02-08,New York Islanders,2,New York Rangers,0,,,2:16,
2021-02-08,Edmonton Oilers,3,Ottawa Senators,1,,,2:25,
2021-02-08,Arizona Coyotes,4,St. Louis Blues,3,SO,,2:42,
2021-02-08,Vancouver Canucks,1,Toronto Maple Leafs,3,,,2:18,
2021-02-09,Winnipeg Jets,2,Calgary Flames,3,,,2:22,
2021-02-09,Chicago Blackhawks,2,Dallas Stars,1,OT,4059,2:22,
2021-02-09,Detroit Red Wings,1,Florida Panthers,2,,3477,2:14,
2021-02-09,San Jose Sharks,4,Los Angeles Kings,3,SO,,2:30,
2021-02-09,Tampa Bay Lightning,6,Nashville Predators,1,,,2:33,
2021-02-09,Edmonton Oilers,3,Ottawa Senators,2,,,2:26,
2021-02-09,Anaheim Ducks,4,Vegas Golden Knights,5,,,2:23,
2021-02-10,Toronto Maple Leafs,4,Montreal Canadiens,2,,,2:23,
2021-02-10,Boston Bruins,3,New York Rangers,2,OT,,2:32,
2021-02-11,Columbus Blue Jackets,6,Chicago Blackhawks,5,,,2:19,
2021-02-11,Carolina Hurricanes,5,Dallas Stars,3,,3687,2:41,
2021-02-11,Tampa Bay Lightning,2,Florida Panthers,5,,3808,2:21,
2021-02-11,San Jose Sharks,2,Los Angeles Kings,6,,,2:24,
2021-02-11,Edmonton Oilers,3,Montreal Canadiens,0,,,2:21,
2021-02-11,Detroit Red Wings,2,Nashville Predators,3,,,2:22,
2021-02-11,Pittsburgh Penguins,4,New York Islanders,3,SO,,2:40,at Nassau Veterans Memorial Coliseum (Uniondale NY)
2021-02-11,Calgary Flames,3,Vancouver Canucks,1,,,2:26,
2021-02-11,Anaheim Ducks,1,Vegas Golden Knights,0,,,2:11,
2021-02-11,Ottawa Senators,1,Winnipeg Jets,5,,,2:16,
2021-02-12,St. Louis Blues,4,Arizona Coyotes,1,,2457,2:29,
2021-02-12,Boston Bruins,1,New York Rangers,0,,,2:30,
2021-02-13,St. Louis Blues,5,Arizona Coyotes,4,OT,3237,2:34,
2021-02-13,Columbus Blue Jackets,2,Chicago Blackhawks,3,OT,,2:20,
2021-02-13,Carolina Hurricanes,4,Dallas Stars,3,SO,4071,2:43,
2021-02-13,Tampa Bay Lightning,6,Florida Panthers,1,,4509,2:32,
2021-02-13,Detroit Red Wings,4,Nashville Predators,2,,,2:20,
2021-02-13,Boston Bruins,2,New York Islanders,4,,,2:30,at Nassau Veterans Memorial Coliseum (Uniondale NY)
2021-02-13,Vegas Golden Knights,3,San Jose Sharks,1,,,2:27,
2021-02-13,Montreal Canadiens,2,Toronto Maple Leafs,1,,,2:12,
2021-02-13,Calgary Flames,1,Vancouver Canucks,3,,,2:25,
2021-02-13,Ottawa Senators,2,Winnipeg Jets,1,,,2:17,
2021-02-14,Washington Capitals,3,Pittsburgh Penguins,6,,,2:30,
2021-02-14,Colorado Avalanche,0,Vegas Golden Knights,1,,,2:23,
2021-02-15,St. Louis Blues,0,Arizona Coyotes,1,,2554,2:21,
2021-02-15,New York Islanders,3,Buffalo Sabres,1,,,2:19,
2021-02-15,Columbus Blue Jackets,3,Carolina Hurricanes,7,,,2:37,
2021-02-15,Chicago Blackhawks,3,Detroit Red Wings,2,OT,,2:23,at Little Caesars Arena (Detroit MI)
2021-02-15,Winnipeg Jets,6,Edmonton Oilers,5,,,2:24,
2021-02-15,Anaheim Ducks,2,San Jose Sharks,3,,,2:23,
2021-02-15,Florida Panthers,6,Tampa Bay Lightning,4,,100,2:35,
2021-02-15,Ottawa Senators,6,Toronto Maple Leafs,5,OT,,2:40,
2021-02-15,Calgary Flames,4,Vancouver Canucks,3,OT,,2:32,
2021-02-16,New York Islanders,3,Buffalo Sabres,0,,,2:27,
2021-02-16,Minnesota Wild,0,Los Angeles Kings,4,,,2:31,
2021-02-16,New Jersey Devils,5,New York Rangers,2,,,2:35,
2021-02-16,Washington Capitals,3,Pittsburgh Penguins,1,,,2:22,
2021-02-16,Colorado Avalanche,3,Vegas Golden Knights,2,,,2:23,
2021-02-17,Florida Panthers,4,Carolina Hurricanes,3,OT,,2:33,
2021-02-17,Vancouver Canucks,5,Calgary Flames,1,,,2:20,
2021-02-17,Chicago Blackhawks,2,Detroit Red Wings,0,,,2:12,at Little Caesars Arena (Detroit MI)
2021-02-17,Winnipeg Jets,2,Edmonton Oilers,3,,,2:25,
2021-02-17,Ottawa Senators,1,Toronto Maple Leafs,2,,,2:22,
2021-02-18,Minnesota Wild,3,Anaheim Ducks,1,,,2:26,
2021-02-18,Los Angeles Kings,3,Arizona Coyotes,2,SO,2281,2:35,
2021-02-18,New Jersey Devils,3,Boston Bruins,2,,,2:28,
2021-02-18,Nashville Predators,0,Columbus Blue Jackets,3,,,2:23,
2021-02-18,New York Rangers,3,Philadelphia Flyers,2,SO,,2:41,
2021-02-18,New York Islanders,1,Pittsburgh Penguins,4,,,2:22,
2021-02-18,San Jose Sharks,2,St. Louis Blues,3,OT,,2:30,
2021-02-18,Ottawa Senators,3,Toronto Maple Leafs,7,,,2:23,
2021-02-18,Buffalo Sabres,1,Washington Capitals,3,,,2:12,
2021-02-19,Chicago Blackhawks,3,Carolina Hurricanes,5,,,2:24,
2021-02-19,Edmonton Oilers,2,Calgary Flames,1,,,2:12,
2021-02-19,Florida Panthers,7,Detroit Red Wings,2,,,2:30,at Little Caesars Arena (Detroit MI)
2021-02-19,Winnipeg Jets,2,Vancouver Canucks,0,,,2:21,
2021-02-20,Minnesota Wild,5,Anaheim Ducks,1,,,2:26,
2021-02-20,Los Angeles Kings,4,Arizona Coyotes,2,,3187,2:18,
2021-02-20,Tampa Bay Lightning,0,Carolina Hurricanes,4,,,2:20,
2021-02-20,Nashville Predators,4,Columbus Blue Jackets,2,,,2:31,
2021-02-20,Vegas Golden Knights,2,Colorado Avalanche,3,,,0:35,at Edgewood Tahoe Resort (Stateline NV)
2021-02-20,Florida Panthers,1,Detroit Red Wings,2,,,2:28,at Little Caesars Arena (Detroit MI)
2021-02-20,Calgary Flames,1,Edmonton Oilers,7,,,2:35,
2021-02-20,Toronto Maple Leafs,5,Montreal Canadiens,3,,,2:29,
2021-02-20,Buffalo Sabres,3,New Jersey Devils,2,,,2:21,
2021-02-20,New York Islanders,2,Pittsburgh Penguins,3,,,2:20,
2021-02-20,San Jose Sharks,5,St. Louis Blues,4,,,2:30,
2021-02-20,New York Rangers,4,Washington Capitals,1,,,2:25,
2021-02-21,Philadelphia Flyers,3,Boston Bruins,7,,,2:28,at Edgewood Tahoe Resort (Stateline NV)
2021-02-21,Montreal Canadiens,2,Ottawa Senators,3,OT,,2:34,
2021-02-21,Winnipeg Jets,4,Vancouver Canucks,3,OT,,2:26,
2021-02-21,New Jersey Devils,3,Washington Capitals,4,,,2:28,
2021-02-22,Anaheim Ducks,3,Arizona Coyotes,4,,2346,2:47,
2021-02-22,Tampa Bay Lightning,4,Carolina Hurricanes,2,,,2:33,
2021-02-22,Vegas Golden Knights,3,Colorado Avalanche,0,,,2:18,
2021-02-22,Dallas Stars,1,Florida Panthers,3,,3510,2:23,
2021-02-22,Buffalo Sabres,2,New York Islanders,3,,,2:23,at Nassau Veterans Memorial Coliseum (Uniondale NY)
2021-02-22,Minnesota Wild,6,San Jose Sharks,2,,,2:29,
2021-02-22,Los Angeles Kings,3,St. Louis Blues,0,,,2:19,
2021-02-22,Calgary Flames,3,Toronto Maple Leafs,0,,,2:22,
2021-02-23,Chicago Blackhawks,6,Columbus Blue Jackets,5,SO,,2:39,
2021-02-23,Nashville Predators,2,Detroit Red Wings,0,,,2:29,at Little Caesars Arena (Detroit MI)
2021-02-23,Buffalo Sabres,4,New Jersey Devils,1,,,2:30,
2021-02-23,Montreal Canadiens,4,Ottawa Senators,5,SO,,2:44,
2021-02-23,Edmonton Oilers,4,Vancouver Canucks,3,,,2:28,
2021-02-23,Pittsburgh Penguins,3,Washington Capitals,2,OT,,2:30,
2021-02-24,Anaheim Ducks,3,Arizona Coyotes,4,SO,2319,2:46,
2021-02-24,Minnesota Wild,6,Colorado Avalanche,2,,,2:26,
2021-02-24,Dallas Stars,3,Florida Panthers,0,,3324,2:31,
2021-02-24,New York Rangers,3,Philadelphia Flyers,4,,,2:27,
2021-02-24,Los Angeles Kings,2,St. Louis Blues,1,,,2:23,
2021-02-24,Carolina Hurricanes,0,Tampa Bay Lightning,3,,500,2:18,
2021-02-24,Calgary Flames,1,Toronto Maple Leafs,2,OT,,2:24,
2021-02-25,New Jersey Devils,4,Buffalo Sabres,3,OT,,2:22,
2021-02-25,Chicago Blackhawks,2,Columbus Blue Jackets,0,,,2:14,
2021-02-25,Nashville Predators,2,Detroit Red Wings,5,,,2:23,at Little Caesars Arena (Detroit MI)
2021-02-25,Dallas Stars,2,Florida Panthers,3,,3844,2:28,
2021-02-25,Boston Bruins,2,New York Islanders,7,,,2:24,at Nassau Veterans Memorial Coliseum (Uniondale NY)
2021-02-25,Calgary Flames,1,Ottawa Senators,6,,,2:19,
2021-02-25,Carolina Hurricanes,1,Tampa Bay Lightning,3,,536,2:31,
2021-02-25,Edmonton Oilers,3,Vancouver Canucks,0,,,2:19,
2021-02-25,Montreal Canadiens,3,Winnipeg Jets,6,,,2:22,
2021-02-25,Pittsburgh Penguins,2,Washington Capitals,5,,,2:25,
2021-02-26,Colorado Avalanche,3,Arizona Coyotes,2,,2495,2:28,
2021-02-26,Los Angeles Kings,1,Minnesota Wild,3,,,2:22,
2021-02-26,Boston Bruins,2,New York Rangers,6,,1800,2:33,
2021-02-27,Vegas Golden Knights,3,Anaheim Ducks,2,OT,,2:33,
2021-02-27,Colorado Avalanche,6,Arizona Coyotes,2,,3224,2:23,
2021-02-27,Philadelphia Flyers,3,Buffalo Sabres,0,,,2:23,
2021-02-27,Detroit Red Wings,5,Chicago Blackhawks,3,,,2:17,
2021-02-27,Toronto Maple Leafs,4,Edmonton Oilers,0,,,2:22,
2021-02-27,Carolina Hurricanes,4,Florida Panthers,3,SO,4281,2:53,
2021-02-27,Los Angeles Kings,3,Minnesota Wild,4,OT,,2:37,
2021-02-27,Washington Capitals,5,New Jersey Devils,2,,,2:27,
2021-02-27,Columbus Blue Jackets,1,Nashville Predators,2,,,2:24,
2021-02-27,Pittsburgh Penguins,4,New York Islanders,3,OT,,2:30,at Nassau Veterans Memorial Coliseum (Uniondale NY)
2021-02-27,Calgary Flames,6,Ottawa Senators,3,,,2:32,
2021-02-27,St. Louis Blues,7,San Jose Sharks,6,,,2:34,
2021-02-27,Dallas Stars,0,Tampa Bay Lightning,5,,537,2:18,
2021-02-27,Montreal Canadiens,1,Winnipeg Jets,2,OT,,2:27,
2021-02-28,Philadelphia Flyers,3,Buffalo Sabres,0,,,2:13,
2021-02-28,Detroit Red Wings,2,Chicago Blackhawks,7,,,2:25,
2021-02-28,Washington Capitals,3,New Jersey Devils,2,,,2:25,
2021-02-28,Columbus Blue Jackets,1,Nashville Predators,3,,,2:25,
2021-02-28,Pittsburgh Penguins,0,New York Islanders,2,,,2:22,at Nassau Veterans Memorial Coliseum (Uniondale NY)
2021-02-28,Boston Bruins,4,New York Rangers,1,,1800,2:24,
2021-03-01,St. Louis Blues,5,Anaheim Ducks,4,,,2:29,
2021-03-01,Toronto Maple Leafs,3,Edmonton Oilers,0,,,2:23,
2021-03-01,Carolina Hurricanes,3,Florida Panthers,2,OT,3817,2:30,
2021-03-01,Calgary Flames,1,Ottawa Senators,5,,,2:25,
2021-03-01,Colorado Avalanche,2,San Jose Sharks,6,,,2:22,
2021-03-01,Minnesota Wild,4,Vegas Golden Knights,5,OT,2605,2:31,
2021-03-01,Vancouver Canucks,4,Winnipeg Jets,0,,,2:20,
2021-03-02,Detroit Red Wings,1,Columbus Blue Jackets,4,,1953,2:23,
2021-03-02,Tampa Bay Lightning,2,Dallas Stars,0,,4067,2:24,
2021-03-02,Ottawa Senators,1,Montreal Canadiens,3,,,2:25,
2021-03-02,New York Islanders,2,New Jersey Devils,1,,1800,2:27,
2021-03-02,Carolina Hurricanes,4,Nashville Predators,2,,,2:27,
2021-03-02,Buffalo Sabres,2,New York Rangers,3,,1800,2:18,
2021-03-02,Philadelphia Flyers,2,Pittsburgh Penguins,5,,2800,2:27,
2021-03-02,Vancouver Canucks,2,Winnipeg Jets,5,,,2:17,
2021-03-03,St. Louis Blues,3,Anaheim Ducks,2,,,2:28,
2021-03-03,Washington Capitals,2,Boston Bruins,1,SO,,2:48,
2021-03-03,Toronto Maple Leafs,6,Edmonton Oilers,1,,,2:22,
2021-03-03,Arizona Coyotes,3,Los Angeles Kings,2,,,2:20,
2021-03-03,Colorado Avalanche,4,San Jose Sharks,0,,,2:25,
2021-03-03,Minnesota Wild,1,Vegas Golden Knights,5,,2610,2:25,
2021-03-04,Detroit Red Wings,2,Carolina Hurricanes,5,,2924,2:30,
2021-03-04,Ottawa Senators,3,Calgary Flames,7,,,2:27,
2021-03-04,Tampa Bay Lightning,3,Chicago Blackhawks,2,OT,,2:30,
2021-03-04,Columbus Blue Jackets,3,Dallas Stars,2,,4112,2:18,
2021-03-04,Winnipeg Jets,4,Montreal Canadiens,3,OT,,2:22,
2021-03-04,New York Rangers,6,New Jersey Devils,1,,,2:27,
2021-03-04,Florida Panthers,5,Nashville Predators,4,,,2:36,
2021-03-04,Buffalo Sabres,2,New York Islanders,5,,,2:17,at Nassau Veterans Memorial Coliseum (Uniondale NY)
2021-03-04,Philadelphia Flyers,4,Pittsburgh Penguins,3,,2800,2:25,
2021-03-04,Toronto Maple Leafs,1,Vancouver Canucks,3,,,2:17,
2021-03-05,Minnesota Wild,5,Arizona Coyotes,1,,2541,2:30,
2021-03-05,Washington Capitals,1,Boston Bruins,5,,,3:01,
2021-03-05,Tampa Bay Lightning,3,Chicago Blackhawks,4,SO,,2:37,
2021-03-05,Anaheim Ducks,2,Colorado Avalanche,3,OT,,2:32,
2021-03-05,St. Louis Blues,3,Los Angeles Kings,2,OT,,2:22,
2021-03-05,Vegas Golden Knights,5,San Jose Sharks,4,OT,,2:32,
2021-03-06,Minnesota Wild,2,Arizona Coyotes,5,,3141,2:33,
2021-03-06,Anaheim Ducks,5,Colorado Avalanche,4,OT,,2:39,
2021-03-06,Columbus Blue Jackets,0,Dallas Stars,5,,4203,2:25,
2021-03-06,Calgary Flames,2,Edmonton Oilers,3,,,2:24,
2021-03-06,St. Louis Blues,3,Los Angeles Kings,4,OT,,2:24,
2021-03-06,Winnipeg Jets,1,Montreal Canadiens,7,,,2:18,
2021-03-06,New York Rangers,6,New Jersey Devils,3,,1800,2:23,
2021-03-06,Florida Panthers,6,Nashville Predators,2,,,2:30,
2021-03-06,Buffalo Sabres,2,New York Islanders,5,,,2:16,at Nassau Veterans Memorial Coliseum (Uniondale NY)
2021-03-06,Philadelphia Flyers,3,Pittsburgh Penguins,4,,2800,2:30,
2021-03-06,Vegas Golden Knights,4,San Jose Sharks,0,,,2:15,
2021-03-06,Toronto Maple Leafs,2,Vancouver Canucks,4,,,2:30,
2021-03-07,New Jersey Devils,1,Boston Bruins,0,,,2:25,
2021-03-07,Florida Panthers,2,Carolina Hurricanes,4,,2924,2:49,
2021-03-07,Ottawa Senators,4,Calgary Flames,3,SO,,2:42,
2021-03-07,Tampa Bay Lightning,6,Chicago Blackhawks,3,,,2:27,
2021-03-07,Nashville Predators,4,Dallas Stars,3,SO,3976,2:44,
2021-03-07,Buffalo Sabres,2,New York Islanders,5,,,2:20,at Nassau Veterans Memorial Coliseum (Uniondale NY)
2021-03-07,Washington Capitals,3,Philadelphia Flyers,1,,3023,2:23,
2021-03-07,New York Rangers,1,Pittsburgh Penguins,5,,2800,2:26,
2021-03-08,Los Angeles Kings,5,Anaheim Ducks,6,OT,,2:27,
2021-03-08,Arizona Coyotes,3,Colorado Avalanche,2,,,2:29,
2021-03-08,Ottawa Senators,2,Edmonton Oilers,3,,,2:23,
2021-03-08,Vegas Golden Knights,0,Minnesota Wild,2,,,2:22,
2021-03-08,St. Louis Blues,2,San Jose Sharks,3,OT,,2:30,
2021-03-08,Montreal Canadiens,1,Vancouver Canucks,2,SO,,2:33,
2021-03-09,Nashville Predators,2,Carolina Hurricanes,3,OT,2924,2:45,
2021-03-09,Florida Panthers,4,Columbus Blue Jackets,2,,3448,2:23,
2021-03-09,Chicago Blackhawks,1,Dallas Stars,6,,4211,2:20,
2021-03-09,Tampa Bay Lightning,4,Detroit Red Wings,3,OT,,2:32,at Little Caesars Arena (Detroit MI)
2021-03-09,Boston Bruins,1,New York Islanders,2,SO,,2:32,at Nassau Veterans Memorial Coliseum (Uniondale NY)
2021-03-09,Buffalo Sabres,4,Philadelphia Flyers,5,SO,2838,2:34,
2021-03-09,New York Rangers,2,Pittsburgh Penguins,4,,2800,2:28,
2021-03-09,Winnipeg Jets,4,Toronto Maple Leafs,3,,,2:16,
2021-03-09,New Jersey Devils,4,Washington Capitals,5,OT,,2:35,
2021-03-10,Los Angeles Kings,5,Anaheim Ducks,1,,,2:21,
2021-03-10,Arizona Coyotes,1,Colorado Avalanche,2,OT,,2:35,
2021-03-10,Ottawa Senators,1,Edmonton Oilers,7,,,2:27,
2021-03-10,Vegas Golden Knights,3,Minnesota Wild,4,,,2:26,
2021-03-10,Montreal Canadiens,5,Vancouver Canucks,1,,,2:27,
2021-03-11,New York Rangers,0,Boston Bruins,4,,,2:22,
2021-03-11,Pittsburgh Penguins,5,Buffalo Sabres,2,,,2:22,
2021-03-11,Nashville Predators,1,Carolina Hurricanes,5,,2924,2:23,
2021-03-11,Florida Panthers,5,Columbus Blue Jackets,4,OT,3739,2:26,
2021-03-11,Montreal Canadiens,1,Calgary Flames,2,,,2:22,
2021-03-11,Chicago Blackhawks,4,Dallas Stars,2,,4213,2:23,
2021-03-11,Tampa Bay Lightning,4,Detroit Red Wings,6,,,2:41,at Little Caesars Arena (Detroit MI)
2021-03-11,New Jersey Devils,3,New York Islanders,5,,1000,2:23,at Nassau Veterans Memorial Coliseum (Uniondale NY)
2021-03-11,Washington Capitals,5,Philadelphia Flyers,3,,2807,2:32,
2021-03-11,Winnipeg Jets,3,Toronto Maple Leafs,4,OT,,2:27,
2021-03-12,San Jose Sharks,6,Anaheim Ducks,0,,,2:24,
2021-03-12,Los Angeles Kings,0,Colorado Avalanche,2,,,2:29,
2021-03-12,Ottawa Senators,2,Edmonton Oilers,6,,,2:24,
2021-03-12,Arizona Coyotes,0,Minnesota Wild,4,,,2:22,
2021-03-12,Vegas Golden Knights,5,St. Louis Blues,4,OT,,2:36,
2021-03-13,San Jose Sharks,3,Anaheim Ducks,1,,,2:25,
2021-03-13,New York Rangers,4,Boston Bruins,0,,,2:32,
2021-03-13,Pittsburgh Penguins,3,Buffalo Sabres,0,,,2:22,
2021-03-13,Dallas Stars,3,Columbus Blue Jackets,4,OT,4160,2:27,
2021-03-13,Montreal Canadiens,1,Calgary Flames,3,,,2:25,
2021-03-13,Chicago Blackhawks,2,Florida Panthers,4,,4721,2:26,
2021-03-13,New York Islanders,3,New Jersey Devils,2,,1800,2:17,
2021-03-13,Washington Capitals,5,Philadelphia Flyers,4,,3083,2:19,
2021-03-13,Vegas Golden Knights,5,St. Louis Blues,1,,,2:27,
2021-03-13,Nashville Predators,3,Tampa Bay Lightning,6,,3800,2:24,
2021-03-13,Winnipeg Jets,5,Toronto Maple Leafs,2,,,2:29,
2021-03-13,Edmonton Oilers,1,Vancouver Canucks,2,,,2:26,
2021-03-14,Dallas Stars,2,Columbus Blue Jackets,1,SO,3992,2:32,
2021-03-14,Los Angeles Kings,1,Colorado Avalanche,4,,,2:19,
2021-03-14,Carolina Hurricanes,2,Detroit Red Wings,1,,,2:23,at Little Caesars Arena (Detroit MI)
2021-03-14,Arizona Coyotes,1,Minnesota Wild,4,,,2:24,
2021-03-14,New York Islanders,3,New Jersey Devils,2,SO,1800,2:45,
2021-03-14,Toronto Maple Leafs,3,Ottawa Senators,4,,,2:23,
2021-03-15,Washington Capitals,6,Buffalo Sabres,0,,,2:18,
2021-03-15,Edmonton Oilers,3,Calgary Flames,4,,,2:22,
2021-03-15,Chicago Blackhawks,3,Florida Panthers,6,,4512,2:32,
2021-03-15,Philadelphia Flyers,5,New York Rangers,4,OT,1639,2:40,
2021-03-15,Vancouver Canucks,3,Ottawa Senators,2,OT,,2:37,
2021-03-15,Boston Bruins,1,Pittsburgh Penguins,4,,2800,2:28,
2021-03-15,Nashville Predators,4,Tampa Bay Lightning,1,,3800,2:28,
2021-03-15,San Jose Sharks,1,Vegas Golden Knights,2,,3473,2:43,
2021-03-15,Montreal Canadiens,4,Winnipeg Jets,2,,,2:30,
2021-03-16,Anaheim Ducks,4,Colorado Avalanche,8,,,2:34,
2021-03-16,Tampa Bay Lightning,4,Dallas Stars,3,SO,4057,2:43,
2021-03-16,Carolina Hurricanes,2,Detroit Red Wings,4,,,2:28,at Little Caesars Arena (Detroit MI)
2021-03-16,Arizona Coyotes,0,Minnesota Wild,3,,,2:23,
2021-03-16,Buffalo Sabres,2,New Jersey Devils,3,,1800,2:27,
2021-03-16,Boston Bruins,2,Pittsburgh Penguins,1,,2800,2:30,
2021-03-16,New York Islanders,1,Washington Capitals,3,,,2:21,
2021-03-17,Edmonton Oilers,7,Calgary Flames,3,,,2:23,
2021-03-17,St. Louis Blues,1,Los Angeles Kings,4,,,2:24,
2021-03-17,Philadelphia Flyers,0,New York Rangers,9,,1723,2:26,
2021-03-17,Vancouver Canucks,3,Ottawa Senators,2,SO,,2:34,
2021-03-17,San Jose Sharks,4,Vegas Golden Knights,5,,3473,2:32,
2021-03-17,Montreal Canadiens,3,Winnipeg Jets,4,OT,,2:22,
2021-03-18,Arizona Coyotes,2,Anaheim Ducks,3,OT,,2:28,
2021-03-18,Boston Bruins,4,Buffalo Sabres,1,,,2:25,
2021-03-18,Columbus Blue Jackets,3,Carolina Hurricanes,2,OT,2924,2:31,
2021-03-18,Minnesota Wild,1,Colorado Avalanche,5,,,2:31,
2021-03-18,Dallas Stars,2,Detroit Red Wings,3,,,2:27,at Little Caesars Arena (Detroit MI)
2021-03-18,Winnipeg Jets,1,Edmonton Oilers,2,,,2:25,
2021-03-18,Nashville Predators,2,Florida Panthers,1,,4559,2:30,
2021-03-18,Pittsburgh Penguins,2,New Jersey Devils,3,,1800,2:33,
2021-03-18,Philadelphia Flyers,4,New York Islanders,3,,1400,2:28,at Nassau Veterans Memorial Coliseum (Uniondale NY)
2021-03-18,Chicago Blackhawks,2,Tampa Bay Lightning,4,,3800,2:22,
2021-03-19,Vegas Golden Knights,4,Los Angeles Kings,2,,,2:29,
2021-03-19,Vancouver Canucks,3,Montreal Canadiens,2,OT,,2:28,
2021-03-19,St. Louis Blues,2,San Jose Sharks,1,SO,,2:41,
2021-03-19,Calgary Flames,4,Toronto Maple Leafs,3,,,2:25,
2021-03-19,New York Rangers,1,Washington Capitals,2,,,2:20,
2021-03-20,Arizona Coyotes,5,Anaheim Ducks,1,,,2:24,
2021-03-20,Columbus Blue Jackets,3,Carolina Hurricanes,2,SO,2924,2:39,
2021-03-20,Minnesota Wild,0,Colorado Avalanche,6,,,2:31,
2021-03-20,Dallas Stars,3,Detroit Red Wings,0,,,2:20,at Little Caesars Arena (Detroit MI)
2021-03-20,Winnipeg Jets,2,Edmonton Oilers,4,,,2:22,
2021-03-20,Nashville Predators,0,Florida Panthers,2,,4358,2:22,
2021-03-20,Vancouver Canucks,4,Montreal Canadiens,5,SO,,2:36,
2021-03-20,Pittsburgh Penguins,3,New Jersey Devils,1,,1800,2:22,
2021-03-20,Philadelphia Flyers,1,New York Islanders,6,,1400,2:18,at Nassau Veterans Memorial Coliseum (Uniondale NY)
2021-03-20,St. Louis Blues,5,San Jose Sharks,2,,,2:25,
2021-03-20,Chicago Blackhawks,1,Tampa Bay Lightning,4,,3800,2:20,
2021-03-20,Calgary Flames,0,Toronto Maple Leafs,2,,,2:25,
2021-03-20,New York Rangers,3,Washington Capitals,1,,,2:28,
2021-03-21,Nashville Predators,4,Dallas Stars,3,SO,4011,2:48,
2021-03-21,Vegas Golden Knights,1,Los Angeles Kings,3,,,2:29,
2021-03-21,New Jersey Devils,2,Pittsburgh Penguins,1,OT,2800,2:21,
2021-03-21,Florida Panthers,3,Tampa Bay Lightning,5,,3800,2:36,
2021-03-22,Colorado Avalanche,5,Arizona Coyotes,1,,2593,2:22,
2021-03-22,Carolina Hurricanes,3,Columbus Blue Jackets,0,,3829,2:17,
2021-03-22,Anaheim Ducks,1,Minnesota Wild,2,,,2:23,
2021-03-22,Buffalo Sabres,3,New York Rangers,5,,1800,2:24,
2021-03-22,Calgary Flames,1,Ottawa Senators,2,,,2:17,
2021-03-22,New York Islanders,2,Philadelphia Flyers,1,OT,2820,2:23,
2021-03-22,Los Angeles Kings,1,San Jose Sharks,2,,,2:22,
2021-03-22,Winnipeg Jets,4,Vancouver Canucks,0,,,2:18,
2021-03-22,St. Louis Blues,1,Vegas Golden Knights,5,,3750,2:22,
2021-03-23,Colorado Avalanche,4,Arizona Coyotes,5,SO,2539,2:41,
2021-03-23,Florida Panthers,2,Chicago Blackhawks,3,,,2:28,
2021-03-23,Tampa Bay Lightning,2,Dallas Stars,1,,4103,2:32,
2021-03-23,Detroit Red Wings,0,Nashville Predators,2,,,2:24,
2021-03-23,New Jersey Devils,4,Philadelphia Flyers,3,,2882,2:28,
2021-03-24,Anaheim Ducks,2,Minnesota Wild,3,,,2:29,
2021-03-24,Calgary Flames,1,Ottawa Senators,3,,,2:16,
2021-03-24,Buffalo Sabres,2,Pittsburgh Penguins,5,,2800,2:26,
2021-03-24,Los Angeles Kings,2,San Jose Sharks,4,,,2:24,
2021-03-24,Winnipeg Jets,5,Vancouver Canucks,1,,,2:24,
2021-03-25,New York Islanders,4,Boston Bruins,3,OT,2191,2:40,
2021-03-25,Carolina Hurricanes,4,Columbus Blue Jackets,3,OT,4033,2:32,
2021-03-25,Florida Panthers,0,Chicago Blackhawks,3,,,2:21,
2021-03-25,Vegas Golden Knights,1,Colorado Avalanche,5,,,2:30,
2021-03-25,Tampa Bay Lightning,3,Dallas Stars,4,,4187,2:34,
2021-03-25,St. Louis Blues,0,Minnesota Wild,2,,,2:21,
2021-03-25,Detroit Red Wings,1,Nashville Predators,7,,,2:28,
2021-03-25,Toronto Maple Leafs,3,Ottawa Senators,2,OT,,2:41,
2021-03-25,New York Rangers,8,Philadelphia Flyers,3,,2854,2:32,
2021-03-25,Buffalo Sabres,0,Pittsburgh Penguins,4,,2800,2:25,
2021-03-25,New Jersey Devils,3,Washington Capitals,4,,,2:31,
2021-03-26,San Jose Sharks,2,Arizona Coyotes,5,,3007,2:23,
2021-03-26,Winnipeg Jets,3,Calgary Flames,2,,,2:24,
2021-03-26,Anaheim Ducks,4,St. Louis Blues,1,,,2:23,
2021-03-26,New Jersey Devils,0,Washington Capitals,4,,,2:25,
2021-03-27,San Jose Sharks,0,Arizona Coyotes,4,,3217,2:27,
2021-03-27,Buffalo Sabres,2,Boston Bruins,3,,2191,2:28,
2021-03-27,Tampa Bay Lightning,3,Carolina Hurricanes,4,,4433,2:31,
2021-03-27,Winnipeg Jets,2,Calgary Flames,4,,,2:22,
2021-03-27,Nashville Predators,3,Chicago Blackhawks,1,,,2:15,
2021-03-27,Vegas Golden Knights,3,Colorado Avalanche,2,OT,,2:29,
2021-03-27,Florida Panthers,4,Dallas Stars,3,OT,4209,2:44,
2021-03-27,Columbus Blue Jackets,1,Detroit Red Wings,3,,,2:20,at Little Caesars Arena (Detroit MI)
2021-03-27,New York Rangers,1,Philadelphia Flyers,2,,3069,2:24,
2021-03-27,New York Islanders,3,Pittsburgh Penguins,6,,2800,2:23,
2021-03-27,Edmonton Oilers,3,Toronto Maple Leafs,4,OT,,2:27,
2021-03-28,New Jersey Devils,1,Boston Bruins,0,,2191,2:46,
2021-03-28,Nashville Predators,3,Chicago Blackhawks,2,,,2:22,
2021-03-28,Florida Panthers,4,Dallas Stars,1,,4026,2:35,
2021-03-28,Columbus Blue Jackets,1,Detroit Red Wings,4,,,2:18,at Little Caesars Arena (Detroit MI)
2021-03-28,Anaheim Ducks,3,St. Louis Blues,2,OT,,2:30,
2021-03-28,New York Rangers,4,Washington Capitals,5,,,2:28,
2021-03-29,Philadelphia Flyers,4,Buffalo Sabres,3,OT,,2:31,
2021-03-29,Winnipeg Jets,5,Calgary Flames,1,,,2:24,
2021-03-29,Anaheim Ducks,2,Colorado Avalanche,5,,,2:31,
2021-03-29,New York Islanders,1,Pittsburgh Penguins,2,,2800,2:26,
2021-03-29,Minnesota Wild,3,San Jose Sharks,4,SO,,2:37,
2021-03-29,Edmonton Oilers,3,Toronto Maple Leafs,2,OT,,2:24,
2021-03-29,Los Angeles Kings,1,Vegas Golden Knights,4,,3950,2:13,
2021-03-30,New Jersey Devils,4,Boston Bruins,5,SO,2191,2:50,
2021-03-30,Carolina Hurricanes,1,Chicago Blackhawks,2,,,2:25,
2021-03-30,Detroit Red Wings,1,Florida Panthers,4,,4321,2:23,
2021-03-30,Edmonton Oilers,0,Montreal Canadiens,4,,,2:29,
2021-03-30,Dallas Stars,2,Nashville Predators,3,OT,,2:26,
2021-03-30,Washington Capitals,2,New York Rangers,5,,1761,2:27,
2021-03-30,Columbus Blue Jackets,3,Tampa Bay Lightning,1,,3800,2:41,
2021-03-31,Philadelphia Flyers,1,Buffalo Sabres,6,,,2:21,
2021-03-31,Arizona Coyotes,3,Colorado Avalanche,9,,,2:34,
2021-03-31,Minnesota Wild,2,San Jose Sharks,4,,,2:28,
2021-03-31,Los Angeles Kings,4,Vegas Golden Knights,2,,3950,2:26,
2021-03-31,Toronto Maple Leafs,3,Winnipeg Jets,1,,,2:23,
2021-04-01,Pittsburgh Penguins,4,Boston Bruins,1,,2191,2:33,
2021-04-01,New York Rangers,3,Buffalo Sabres,2,OT,,2:26,
2021-04-01,Carolina Hurricanes,4,Chicago Blackhawks,3,,,2:31,
2021-04-01,Detroit Red Wings,2,Florida Panthers,3,OT,4359,2:35,
2021-04-01,Dallas Stars,4,Nashville Predators,1,,,2:24,
2021-04-01,Washington Capitals,4,New York Islanders,8,,1400,2:33,at Nassau Veterans Memorial Coliseum (Uniondale NY)
2021-04-01,Montreal Canadiens,4,Ottawa Senators,1,,,2:22,
2021-04-01,Columbus Blue Jackets,2,Tampa Bay Lightning,3,,3800,2:28,
2021-04-01,Minnesota Wild,3,Vegas Golden Knights,2,SO,3950,2:36,
2021-04-02,Arizona Coyotes,4,Anaheim Ducks,2,,,2:26,
2021-04-02,St. Louis Blues,2,Colorado Avalanche,3,,4039,2:28,
2021-04-02,Calgary Flames,2,Edmonton Oilers,3,,,2:21,
2021-04-02,San Jose Sharks,3,Los Angeles Kings,0,,,2:26,
2021-04-02,Washington Capitals,2,New Jersey Devils,1,OT,3600,2:29,
2021-04-02,Toronto Maple Leafs,2,Winnipeg Jets,1,SO,,2:28,
2021-04-03,Pittsburgh Penguins,5,Boston Bruins,7,,2191,2:44,
2021-04-03,New York Rangers,2,Buffalo Sabres,3,SO,,2:39,
2021-04-03,Dallas Stars,3,Carolina Hurricanes,2,,4987,2:30,
2021-04-03,St. Louis Blues,1,Colorado Avalanche,2,,4035,2:29,
2021-04-03,Columbus Blue Jackets,2,Florida Panthers,5,,4375,2:28,
2021-04-03,San Jose Sharks,3,Los Angeles Kings,2,,,2:18,
2021-04-03,Ottawa Senators,6,Montreal Canadiens,3,,,2:33,
2021-04-03,Chicago Blackhawks,0,Nashville Predators,3,,,2:26,
2021-04-03,Philadelphia Flyers,2,New York Islanders,3,SO,1400,2:41,at Nassau Veterans Memorial Coliseum (Uniondale NY)
2021-04-03,Detroit Red Wings,1,Tampa Bay Lightning,2,,3800,2:17,
2021-04-03,Minnesota Wild,2,Vegas Golden Knights,1,,3950,2:24,
2021-04-04,Arizona Coyotes,3,Anaheim Ducks,2,OT,,2:37,
2021-04-04,Dallas Stars,0,Carolina Hurricanes,1,,4987,2:21,
2021-04-04,Toronto Maple Leafs,4,Calgary Flames,2,,,2:17,
2021-04-04,Columbus Blue Jackets,0,Florida Panthers,3,,4069,2:20,
2021-04-04,Washington Capitals,5,New Jersey Devils,4,,3600,2:32,
2021-04-04,Detroit Red Wings,5,Tampa Bay Lightning,1,,3800,2:20,
2021-04-05,Philadelphia Flyers,3,Boston Bruins,2,OT,2191,2:38,
2021-04-05,Toronto Maple Leafs,5,Calgary Flames,3,,,2:27,
2021-04-05,Arizona Coyotes,5,Los Angeles Kings,2,,,2:35,
2021-04-05,Colorado Avalanche,5,Minnesota Wild,4,,3000,3:00,
2021-04-05,Edmonton Oilers,2,Montreal Canadiens,3,OT,,2:29,
2021-04-05,Vegas Golden Knights,6,St. Louis Blues,1,,,2:44,
2021-04-05,Ottawa Senators,3,Winnipeg Jets,4,,,2:20,
2021-04-06,Florida Panthers,2,Carolina Hurricanes,5,,4987,2:30,
2021-04-06,Tampa Bay Lightning,2,Columbus Blue Jackets,4,,4080,2:30,
2021-04-06,Dallas Stars,2,Chicago Blackhawks,4,,,2:30,
2021-04-06,Nashville Predators,3,Detroit Red Wings,2,SO,,2:32,at Little Caesars Arena (Detroit MI)
2021-04-06,Buffalo Sabres,5,New Jersey Devils,3,,3600,2:22,
2021-04-06,Washington Capitals,0,New York Islanders,1,,1400,2:28,at Nassau Veterans Memorial Coliseum (Uniondale NY)
2021-04-06,Pittsburgh Penguins,4,New York Rangers,8,,1693,2:30,
2021-04-06,Boston Bruins,4,Philadelphia Flyers,2,,2638,2:36,
2021-04-06,Anaheim Ducks,5,San Jose Sharks,1,,,2:24,
2021-04-07,Arizona Coyotes,3,Los Angeles Kings,4,,,2:27,
2021-04-07,Colorado Avalanche,3,Minnesota Wild,8,,3000,2:47,
2021-04-07,Edmonton Oilers,4,Ottawa Senators,2,,,2:20,
2021-04-07,Vegas Golden Knights,1,St. Louis Blues,3,,,2:29,
2021-04-07,Montreal Canadiens,2,Toronto Maple Leafs,3,,,2:27,
2021-04-08,New Jersey Devils,6,Buffalo Sabres,3,,,2:20,
2021-04-08,Florida Panthers,0,Carolina Hurricanes,3,,4987,2:29,
2021-04-08,Tampa Bay Lightning,6,Columbus Blue Jackets,4,,4143,2:37,
2021-04-08,Dallas Stars,5,Chicago Blackhawks,1,,,2:22,
2021-04-08,Nashville Predators,7,Detroit Red Wings,1,,,2:26,at Little Caesars Arena (Detroit MI)
2021-04-08,Winnipeg Jets,4,Montreal Canadiens,2,,,2:25,
2021-04-08,Philadelphia Flyers,2,New York Islanders,3,SO,1400,2:43,at Nassau Veterans Memorial Coliseum (Uniondale NY)
2021-04-08,Pittsburgh Penguins,5,New York Rangers,2,,1800,2:25,
2021-04-08,Edmonton Oilers,3,Ottawa Senators,1,,,2:19,
2021-04-08,Boston Bruins,4,Washington Capitals,2,,,2:34,
2021-04-09,Colorado Avalanche,2,Anaheim Ducks,0,,,2:21,
2021-04-09,Washington Capitals,4,Buffalo Sabres,3,,,2:31,
2021-04-09,Pittsburgh Penguins,6,New Jersey Devils,4,,3600,2:27,
2021-04-09,New York Rangers,4,New York Islanders,1,,1400,2:25,at Nassau Veterans Memorial Coliseum (Uniondale NY)
2021-04-09,Los Angeles Kings,2,San Jose Sharks,5,,,2:27,
2021-04-09,Minnesota Wild,1,St. Louis Blues,9,,,2:27,
2021-04-09,Arizona Coyotes,4,Vegas Golden Knights,7,,3950,2:25,
2021-04-10,Detroit Red Wings,5,Carolina Hurricanes,4,SO,4987,2:41,
2021-04-10,Chicago Blackhawks,4,Columbus Blue Jackets,3,,4502,2:53,
2021-04-10,Edmonton Oilers,0,Calgary Flames,5,,,2:28,
2021-04-10,Florida Panthers,1,Dallas Stars,4,,4165,2:27,
2021-04-10,Winnipeg Jets,5,Montreal Canadiens,0,,,2:22,
2021-04-10,Tampa Bay Lightning,3,Nashville Predators,0,,,2:33,
2021-04-10,Boston Bruins,2,Philadelphia Flyers,3,,3025,2:29,
2021-04-10,Los Angeles Kings,4,San Jose Sharks,2,,,2:22,
2021-04-10,Minnesota Wild,2,St. Louis Blues,3,OT,,2:31,
2021-04-10,Ottawa Senators,5,Toronto Maple Leafs,6,,,2:20,
2021-04-11,Colorado Avalanche,4,Anaheim Ducks,1,,,2:39,
2021-04-11,Washington Capitals,8,Boston Bruins,1,,2191,2:32,
2021-04-11,Pittsburgh Penguins,5,New Jersey Devils,2,,3600,2:29,
2021-04-11,Dallas Stars,2,Nashville Predators,3,SO,,2:32,
2021-04-11,New York Rangers,2,New York Islanders,3,OT,1400,2:42,at Nassau Veterans Memorial Coliseum (Uniondale NY)
2021-04-11,Buffalo Sabres,5,Philadelphia Flyers,3,,3250,2:31,
2021-04-11,Arizona Coyotes,0,Vegas Golden Knights,1,,3950,2:25,
2021-04-12,Detroit Red Wings,3,Carolina Hurricanes,1,,4987,2:30,
2021-04-12,Chicago Blackhawks,4,Columbus Blue Jackets,3,OT,4093,2:31,
2021-04-12,Arizona Coyotes,2,Colorado Avalanche,4,,4042,2:42,
2021-04-12,Vegas Golden Knights,4,Los Angeles Kings,2,,,2:20,
2021-04-12,Toronto Maple Leafs,2,Montreal Canadiens,4,,,2:21,
2021-04-12,Winnipeg Jets,2,Ottawa Senators,4,,,2:20,
2021-04-12,Anaheim Ducks,4,San Jose Sharks,0,,,2:24,
2021-04-13,Buffalo Sabres,2,Boston Bruins,3,SO,2191,2:45,
2021-04-13,Florida Panthers,3,Dallas Stars,2,OT,4199,2:47,
2021-04-13,New York Rangers,3,New Jersey Devils,0,,3600,2:15,
2021-04-13,Tampa Bay Lightning,2,Nashville Predators,7,,,2:25,
2021-04-13,Calgary Flames,3,Toronto Maple Leafs,2,OT,,2:23,
2021-04-13,Philadelphia Flyers,1,Washington Capitals,6,,,2:26,
2021-04-14,Vegas Golden Knights,6,Los Angeles Kings,2,,,2:24,
2021-04-14,Arizona Coyotes,2,Minnesota Wild,5,,3000,2:18,
2021-04-14,Calgary Flames,4,Montreal Canadiens,1,,,2:22,
2021-04-14,Winnipeg Jets,3,Ottawa Senators,2,,,2:23,
2021-04-14,Anaheim Ducks,4,San Jose Sharks,1,,,2:31,
2021-04-14,Colorado Avalanche,4,St. Louis Blues,3,,,2:33,
2021-04-15,New York Islanders,1,Boston Bruins,4,,2191,2:34,
2021-04-15,Nashville Predators,1,Carolina Hurricanes,4,,4987,2:27,
2021-04-15,Columbus Blue Jackets,1,Dallas Stars,4,,4201,2:20,
2021-04-15,Chicago Blackhawks,1,Detroit Red Wings,4,,,2:14,at Little Caesars Arena (Detroit MI)
2021-04-15,New Jersey Devils,0,New York Rangers,4,,1688,2:16,
2021-04-15,Philadelphia Flyers,2,Pittsburgh Penguins,1,SO,4672,2:40,
2021-04-15,Florida Panthers,2,Tampa Bay Lightning,3,OT,3800,2:25,
2021-04-15,Winnipeg Jets,5,Toronto Maple Leafs,2,,,2:20,
2021-04-15,Buffalo Sabres,5,Washington Capitals,2,,,2:21,
2021-04-16,Vegas Golden Knights,4,Anaheim Ducks,0,,1717,2:21,
2021-04-16,New York Islanders,0,Boston Bruins,3,,2191,2:26,
2021-04-16,San Jose Sharks,2,Minnesota Wild,3,,3000,2:19,
2021-04-16,Calgary Flames,1,Montreal Canadiens,2,,,2:18,
2021-04-17,St. Louis Blues,2,Arizona Coyotes,3,,3981,2:19,
2021-04-17,Pittsburgh Penguins,3,Buffalo Sabres,2,,,2:17,
2021-04-17,Nashville Predators,1,Carolina Hurricanes,3,,4987,2:28,
2021-04-17,Columbus Blue Jackets,1,Dallas Stars,5,,5643,2:27,
2021-04-17,Chicago Blackhawks,4,Detroit Red Wings,0,,,2:22,at Little Caesars Arena (Detroit MI)
2021-04-17,San Jose Sharks,2,Minnesota Wild,5,,3000,2:23,
2021-04-17,Ottawa Senators,4,Montreal Canadiens,0,,,2:17,
2021-04-17,New Jersey Devils,3,New York Rangers,6,,1800,2:24,
2021-04-17,Washington Capitals,6,Philadelphia Flyers,3,,3430,2:28,
2021-04-17,Florida Panthers,5,Tampa Bay Lightning,3,,3800,2:23,
2021-04-17,Edmonton Oilers,3,Winnipeg Jets,0,,,2:15,
2021-04-18,Vegas Golden Knights,5,Anaheim Ducks,2,,1717,2:25,
2021-04-18,Washington Capitals,3,Boston Bruins,6,,2191,2:35,
2021-04-18,Pittsburgh Penguins,2,Buffalo Sabres,4,,,2:25,
2021-04-18,New York Rangers,5,New Jersey Devils,3,,3500,2:24,
2021-04-18,New York Islanders,1,Philadelphia Flyers,0,OT,3603,2:25,
2021-04-18,Toronto Maple Leafs,2,Vancouver Canucks,3,OT,,2:24,
2021-04-19,Minnesota Wild,5,Arizona Coyotes,2,,3481,2:24,
2021-04-19,Ottawa Senators,4,Calgary Flames,2,,,2:22,
2021-04-19,Detroit Red Wings,2,Dallas Stars,3,SO,4812,2:32,
2021-04-19,Montreal Canadiens,1,Edmonton Oilers,4,,,2:26,
2021-04-19,Columbus Blue Jackets,2,Florida Panthers,4,,4041,2:30,
2021-04-19,Chicago Blackhawks,2,Nashville Predators,5,,,2:27,
2021-04-19,Carolina Hurricanes,2,Tampa Bay Lightning,3,OT,3800,2:36,
2021-04-19,San Jose Sharks,2,Vegas Golden Knights,3,SO,3950,2:43,
2021-04-20,Boston Bruins,2,Buffalo Sabres,0,,,2:39,
2021-04-20,Detroit Red Wings,2,Dallas Stars,5,,5148,2:25,
2021-04-20,Columbus Blue Jackets,1,Florida Panthers,5,,4132,2:27,
2021-04-20,Anaheim Ducks,1,Los Angeles Kings,4,,1431,2:26,
2021-04-20,New York Rangers,1,New York Islanders,6,,1400,2:11,at Nassau Veterans Memorial Coliseum (Uniondale NY)
2021-04-20,New Jersey Devils,6,Pittsburgh Penguins,7,,4672,2:31,
2021-04-20,Carolina Hurricanes,4,Tampa Bay Lightning,1,,3800,2:28,
2021-04-20,Toronto Maple Leafs,3,Vancouver Canucks,6,,,2:25,
2021-04-21,Minnesota Wild,4,Arizona Coyotes,1,,3736,2:23,
2021-04-21,Nashville Predators,4,Chicago Blackhawks,5,OT,,2:26,
2021-04-21,Montreal Canadiens,4,Edmonton Oilers,3,,,2:25,
2021-04-21,San Jose Sharks,2,Vegas Golden Knights,5,,3950,2:26,
2021-04-22,Boston Bruins,5,Buffalo Sabres,1,,,2:24,
2021-04-22,Dallas Stars,3,Detroit Red Wings,7,,,2:29,at Little Caesars Arena (Detroit MI)
2021-04-22,Carolina Hurricanes,4,Florida Panthers,2,,4683,2:39,
2021-04-22,Washington Capitals,1,New York Islanders,0,SO,1400,2:28,at Nassau Veterans Memorial Coliseum (Uniondale NY)
2021-04-22,Philadelphia Flyers,3,New York Rangers,2,,1800,2:30,
2021-04-22,New Jersey Devils,1,Pittsburgh Penguins,5,,4672,2:15,
2021-04-22,Colorado Avalanche,4,St. Louis Blues,2,,,2:26,
2021-04-22,Columbus Blue Jackets,1,Tampa Bay Lightning,3,,4200,2:23,
2021-04-22,Ottawa Senators,3,Vancouver Canucks,0,,,2:25,
2021-04-22,Toronto Maple Leafs,5,Winnipeg Jets,3,,,2:19,
2021-04-23,Boston Bruins,4,Buffalo Sabres,6,,,2:31,
2021-04-23,Montreal Canadiens,2,Calgary Flames,4,,,2:28,
2021-04-23,Nashville Predators,3,Chicago Blackhawks,1,,,2:21,
2021-04-23,Minnesota Wild,4,Los Angeles Kings,2,,1091,2:21,
2021-04-23,Philadelphia Flyers,1,New York Rangers,4,,1800,2:22,
2021-04-24,Vegas Golden Knights,5,Anaheim Ducks,1,,1717,2:25,
2021-04-24,Montreal Canadiens,2,Calgary Flames,5,,,2:31,
2021-04-24,Dallas Stars,2,Detroit Red Wings,1,OT,,2:24,at Little Caesars Arena (Detroit MI)
2021-04-24,Carolina Hurricanes,3,Florida Panthers,4,OT,4838,2:31,
2021-04-24,Arizona Coyotes,4,Los Angeles Kings,0,,1497,2:25,
2021-04-24,Washington Capitals,6,New York Islanders,3,,1400,2:28,at Nassau Veterans Memorial Coliseum (Uniondale NY)
2021-04-24,New Jersey Devils,2,Pittsburgh Penguins,4,,4672,2:24,
2021-04-24,Minnesota Wild,6,San Jose Sharks,3,,,2:20,
2021-04-24,Colorado Avalanche,3,St. Louis Blues,5,,,2:32,
2021-04-24,Ottawa Senators,2,Vancouver Canucks,4,,,2:27,
2021-04-24,Toronto Maple Leafs,4,Winnipeg Jets,1,,,2:22,
2021-04-25,Buffalo Sabres,3,New York Rangers,6,,1800,2:20,
2021-04-25,New Jersey Devils,3,Philadelphia Flyers,4,SO,3651,2:42,
2021-04-25,Boston Bruins,0,Pittsburgh Penguins,1,,4672,2:26,
2021-04-25,Columbus Blue Jackets,3,Tampa Bay Lightning,4,OT,4200,2:26,
2021-04-26,Montreal Canadiens,2,Calgary Flames,1,,,2:21,
2021-04-26,Carolina Hurricanes,3,Dallas Stars,4,OT,5364,2:34,
2021-04-26,Anaheim Ducks,1,Los Angeles Kings,4,,1373,2:18,
2021-04-26,Florida Panthers,1,Nashville Predators,4,,,2:26,
2021-04-26,Vancouver Canucks,1,Ottawa Senators,2,,,2:17,
2021-04-26,Arizona Coyotes,4,San Jose Sharks,6,,520,2:25,
2021-04-26,Colorado Avalanche,1,St. Louis Blues,4,,,2:23,
2021-04-26,Edmonton Oilers,6,Winnipeg Jets,1,,,2:11,
2021-04-27,Detroit Red Wings,0,Columbus Blue Jackets,1,SO,4316,2:29,
2021-04-27,Tampa Bay Lightning,7,Chicago Blackhawks,4,,,2:27,
2021-04-27,Carolina Hurricanes,5,Dallas Stars,1,,6014,2:22,
2021-04-27,Philadelphia Flyers,4,New Jersey Devils,6,,3600,2:36,
2021-04-27,Florida Panthers,7,Nashville Predators,4,,,2:30,
2021-04-27,Buffalo Sabres,1,New York Rangers,3,,1796,2:22,
2021-04-27,Boston Bruins,3,Pittsburgh Penguins,1,,4672,2:26,
2021-04-27,New York Islanders,0,Washington Capitals,1,,2133,2:27,
2021-04-28,Anaheim Ducks,3,Los Angeles Kings,2,,1763,2:19,
2021-04-28,St. Louis Blues,4,Minnesota Wild,3,,3000,2:25,
2021-04-28,Toronto Maple Leafs,4,Montreal Canadiens,1,,,2:20,
2021-04-28,Vancouver Canucks,3,Ottawa Senators,6,,,2:23,
2021-04-28,Arizona Coyotes,2,San Jose Sharks,4,,1037,2:26,
2021-04-28,Colorado Avalanche,2,Vegas Golden Knights,5,,3950,2:26,
2021-04-28,Edmonton Oilers,3,Winnipeg Jets,1,,,2:24,
2021-04-29,Buffalo Sabres,2,Boston Bruins,5,,2191,2:31,
2021-04-29,Detroit Red Wings,1,Carolina Hurricanes,3,,4987,2:24,
2021-04-29,Florida Panthers,4,Chicago Blackhawks,3,OT,,2:24,
2021-04-29,Calgary Flames,3,Edmonton Oilers,1,,,2:23,
2021-04-29,St. Louis Blues,5,Minnesota Wild,4,OT,3000,2:33,
2021-04-29,Philadelphia Flyers,3,New Jersey Devils,5,,3600,2:29,
2021-04-29,New York Islanders,4,New York Rangers,0,,1800,2:21,
2021-04-29,Dallas Stars,0,Tampa Bay Lightning,3,,4200,2:16,
2021-04-29,Vancouver Canucks,1,Toronto Maple Leafs,4,,,2:21,
2021-04-29,Pittsburgh Penguins,5,Washington Capitals,4,OT,2133,2:44,
2021-04-30,Los Angeles Kings,2,Anaheim Ducks,1,,1717,2:24,
2021-04-30,Vegas Golden Knights,0,Arizona Coyotes,3,,5111,2:23,
2021-04-30,San Jose Sharks,0,Colorado Avalanche,3,,4045,2:21,
2021-04-30,Winnipeg Jets,3,Montreal Canadiens,5,,,2:22,
2021-05-01,Los Angeles Kings,2,Anaheim Ducks,6,,1717,2:22,
2021-05-01,Vegas Golden Knights,3,Arizona Coyotes,2,OT,5671,2:33,
2021-05-01,Buffalo Sabres,2,Boston Bruins,6,,2191,2:35,
2021-05-01,Columbus Blue Jackets,1,Carolina Hurricanes,2,OT,4987,2:24,
2021-05-01,Florida Panthers,5,Chicago Blackhawks,4,,,2:20,
2021-05-01,San Jose Sharks,3,Colorado Avalanche,4,,4037,2:30,
2021-05-01,Tampa Bay Lightning,0,Detroit Red Wings,1,SO,,2:43,at Little Caesars Arena (Detroit MI)
2021-05-01,Calgary Flames,1,Edmonton Oilers,4,,,2:23,
2021-05-01,St. Louis Blues,3,Minnesota Wild,4,OT,3000,2:28,
2021-05-01,Ottawa Senators,2,Montreal Canadiens,3,OT,,2:25,
2021-05-01,Dallas Stars,0,Nashville Predators,1,OT,,2:29,
2021-05-01,New York Rangers,0,New York Islanders,3,,1400,2:13,at Nassau Veterans Memorial Coliseum (Uniondale NY)
2021-05-01,New Jersey Devils,4,Philadelphia Flyers,1,,2683,2:23,
2021-05-01,Vancouver Canucks,1,Toronto Maple Leafs,5,,,2:20,
2021-05-01,Pittsburgh Penguins,3,Washington Capitals,0,,2133,2:25,
2021-05-02,Tampa Bay Lightning,2,Detroit Red Wings,1,,,2:24,at Little Caesars Arena (Detroit MI)
2021-05-03,Los Angeles Kings,3,Arizona Coyotes,2,,4983,2:24,
2021-05-03,New York Islanders,2,Buffalo Sabres,4,,,2:26,
2021-05-03,Chicago Blackhawks,2,Carolina Hurricanes,5,,4987,2:27,
2021-05-03,Nashville Predators,4,Columbus Blue Jackets,3,OT,4210,2:30,
2021-05-03,Dallas Stars,4,Florida Panthers,5,OT,4702,2:35,
2021-05-03,Vegas Golden Knights,5,Minnesota Wild,6,,3000,2:37,
2021-05-03,Toronto Maple Leafs,2,Montreal Canadiens,3,OT,,2:31,
2021-05-03,Boston Bruins,3,New Jersey Devils,0,,3600,2:23,
2021-05-03,Washington Capitals,6,New York Rangers,3,,1800,2:32,
2021-05-03,Winnipeg Jets,1,Ottawa Senators,2,,,2:19,
2021-05-03,Pittsburgh Penguins,2,Philadelphia Flyers,7,,2542,2:32,
2021-05-03,Colorado Avalanche,5,San Jose Sharks,4,OT,1071,2:24,
2021-05-03,Anaheim Ducks,1,St. Louis Blues,3,,,2:26,
2021-05-03,Edmonton Oilers,5,Vancouver Canucks,3,,,2:20,
2021-05-04,New York Islanders,3,Buffalo Sabres,4,SO,,2:28,
2021-05-04,Chicago Blackhawks,3,Carolina Hurricanes,6,,4987,2:24,
2021-05-04,Boston Bruins,3,New Jersey Devils,4,OT,3600,2:42,
2021-05-04,Pittsburgh Penguins,7,Philadelphia Flyers,3,,2961,2:33,
2021-05-04,Edmonton Oilers,4,Vancouver Canucks,1,,,2:16,
2021-05-05,Los Angeles Kings,4,Arizona Coyotes,2,,6964,2:27,
2021-05-05,Nashville Predators,2,Columbus Blue Jackets,4,,4084,2:23,
2021-05-05,Winnipeg Jets,4,Calgary Flames,0,,,2:16,
2021-05-05,Vegas Golden Knights,3,Minnesota Wild,2,OT,3000,2:38,
2021-05-05,Washington Capitals,4,New York Rangers,2,,1800,2:35,
2021-05-05,Montreal Canadiens,1,Ottawa Senators,5,,,2:27,
2021-05-05,Colorado Avalanche,2,San Jose Sharks,3,,1041,2:26,
2021-05-05,Anaheim Ducks,3,St. Louis Blues,2,SO,,2:39,
2021-05-05,Dallas Stars,2,Tampa Bay Lightning,6,,4200,2:26,
2021-05-06,New York Rangers,0,Boston Bruins,4,,2191,2:21,
2021-05-06,Chicago Blackhawks,2,Carolina Hurricanes,1,OT,4987,2:25,
2021-05-06,Vancouver Canucks,6,Edmonton Oilers,3,,,2:29,
2021-05-06,New Jersey Devils,2,New York Islanders,1,,1400,2:18,at Nassau Veterans Memorial Coliseum (Uniondale NY)
2021-05-06,Buffalo Sabres,4,Pittsburgh Penguins,8,,4672,2:19,
2021-05-06,Montreal Canadiens,2,Toronto Maple Leafs,5,,,2:23,
2021-05-07,Detroit Red Wings,5,Columbus Blue Jackets,2,,4402,2:14,
2021-05-07,Colorado Avalanche,3,Los Angeles Kings,2,,2115,2:17,
2021-05-07,Anaheim Ducks,3,Minnesota Wild,4,OT,3000,2:27,
2021-05-07,Arizona Coyotes,5,San Jose Sharks,2,,1145,2:34,
2021-05-07,Dallas Stars,5,Tampa Bay Lightning,2,,4200,2:31,
2021-05-07,St. Louis Blues,3,Vegas Golden Knights,4,OT,7567,2:27,
2021-05-07,Philadelphia Flyers,4,Washington Capitals,2,,2133,2:23,
2021-05-08,New York Rangers,5,Boston Bruins,4,,2191,2:33,
2021-05-08,Detroit Red Wings,4,Columbus Blue Jackets,5,OT,4493,2:31,
2021-05-08,Vancouver Canucks,3,Edmonton Oilers,4,,,2:20,
2021-05-08,Tampa Bay Lightning,1,Florida Panthers,5,,5040,2:35,
2021-05-08,Colorado Avalanche,3,Los Angeles Kings,2,,2482,2:18,
2021-05-08,Anaheim Ducks,3,Minnesota Wild,4,OT,3300,2:29,
2021-05-08,Carolina Hurricanes,1,Nashville Predators,3,,,2:22,
2021-05-08,New Jersey Devils,1,New York Islanders,5,,,2:21,at Nassau Veterans Memorial Coliseum (Uniondale NY)
2021-05-08,Buffalo Sabres,0,Pittsburgh Penguins,1,,4672,2:16,
2021-05-08,Arizona Coyotes,5,San Jose Sharks,4,OT,1249,2:30,
2021-05-08,Montreal Canadiens,2,Toronto Maple Leafs,3,,,2:29,
2021-05-08,St. Louis Blues,1,Vegas Golden Knights,4,,7567,2:35,
2021-05-08,Ottawa Senators,4,Winnipeg Jets,2,,,2:16,
2021-05-08,Philadelphia Flyers,1,Washington Capitals,2,OT,2133,2:29,
2021-05-09,Ottawa Senators,1,Calgary Flames,6,,,2:23,
2021-05-09,Dallas Stars,2,Chicago Blackhawks,4,,3820,2:12,
2021-05-10,New York Islanders,2,Boston Bruins,3,OT,4565,2:38,
2021-05-10,Dallas Stars,5,Chicago Blackhawks,4,OT,3917,2:26,
2021-05-10,Tampa Bay Lightning,0,Florida Panthers,4,,5040,2:30,
2021-05-10,St. Louis Blues,2,Los Angeles Kings,1,OT,2154,2:29,
2021-05-10,Edmonton Oilers,4,Montreal Canadiens,3,OT,,2:26,
2021-05-10,Carolina Hurricanes,0,Nashville Predators,5,,,2:25,
2021-05-10,New Jersey Devils,2,Philadelphia Flyers,4,,3882,2:18,
2021-05-10,Colorado Avalanche,2,Vegas Golden Knights,1,,7567,2:21,
2021-05-10,Vancouver Canucks,3,Winnipeg Jets,1,,,2:23,
2021-05-11,Vancouver Canucks,0,Winnipeg Jets,5,,,2:17,
2021-05-11,Boston Bruins,1,Washington Capitals,2,,2133,2:20,
2021-05-12,Los Angeles Kings,0,Colorado Avalanche,6,,4042,2:28,
2021-05-12,Edmonton Oilers,4,Montreal Canadiens,3,OT,,2:18,
2021-05-12,Toronto Maple Leafs,3,Ottawa Senators,4,OT,,2:22,
2021-05-12,Vegas Golden Knights,6,San Jose Sharks,0,,1654,2:17,
2021-05-12,Minnesota Wild,0,St. Louis Blues,4,,,2:20,
2021-05-13,Vancouver Canucks,1,Calgary Flames,4,,,2:21,
2021-05-13,Los Angeles Kings,1,Colorado Avalanche,5,,4045,2:25,
2021-05-13,Minnesota Wild,3,St. Louis Blues,7,,,2:19,
2021-05-14,Toronto Maple Leafs,2,Winnipeg Jets,4,,,2:13,